gender,0 - 19,20 - 29,30 - 39,40 - 49,50 - 59,60 - 69,70 - 79,80 - 89,90 +,total,year,method
both,38.0,108.0,134.0,203.0,242.0,212.0,182.0,151.0,43.0,1313.0,2008,Totalsuicides
Men,25.0,77.0,91.0,153.0,164.0,130.0,108.0,91.0,22.0,861.0,2008,Totalsuicides
Women,13.0,31.0,43.0,50.0,78.0,82.0,74.0,60.0,21.0,452.0,2008,Totalsuicides
both,4.0,10.0,26.0,41.0,65.0,82.0,61.0,77.0,29.0,395.0,2008,poisoning
Men,1.0,5.0,14.0,29.0,30.0,38.0,28.0,32.0,10.0,187.0,2008,poisoning
Women,3.0,5.0,12.0,12.0,35.0,44.0,33.0,45.0,19.0,208.0,2008,poisoning
both,9.0,32.0,38.0,65.0,63.0,38.0,30.0,23.0,4.0,302.0,2008,Hang
Men,6.0,22.0,30.0,54.0,55.0,33.0,19.0,19.0,4.0,242.0,2008,Hang
Women,3.0,10.0,8.0,11.0,8.0,5.0,11.0,4.0,0.0,60.0,2008,Hang
both,5.0,30.0,16.0,33.0,46.0,39.0,37.0,29.0,4.0,239.0,2008,weapons
Men,4.0,29.0,15.0,32.0,44.0,38.0,36.0,29.0,4.0,231.0,2008,weapons
Women,1.0,1.0,1.0,1.0,2.0,1.0,1.0,0.0,0.0,8.0,2008,weapons
both,20.0,36.0,54.0,64.0,68.0,53.0,54.0,22.0,6.0,377.0,2008,Othermethods
Men,14.0,21.0,32.0,38.0,35.0,21.0,25.0,11.0,4.0,201.0,2008,Othermethods
Women,6.0,15.0,22.0,26.0,33.0,32.0,29.0,11.0,2.0,176.0,2008,Othermethods
both,561.0,410.0,658.0,1674.0,3547.0,7080.0,12298.0,22453.0,12552.0,61233.0,2008,Allcausesofdeath
Men,339.0,292.0,424.0,1075.0,2239.0,4469.0,7039.0,9968.0,3629.0,29474.0,2008,Allcausesofdeath
Women,222.0,118.0,234.0,599.0,1308.0,2611.0,5259.0,12485.0,8923.0,31759.0,2008,Allcausesofdeath
both,38.0,107.0,105.0,115.0,193.0,154.0,138.0,98.0,24.0,972.0,2020,Totalsuicides
Men,21.0,81.0,74.0,74.0,142.0,118.0,100.0,68.0,18.0,696.0,2020,Totalsuicides
Women,17.0,26.0,31.0,41.0,51.0,36.0,38.0,30.0,6.0,276.0,2020,Totalsuicides
both,3.0,15.0,20.0,18.0,29.0,16.0,11.0,11.0,3.0,126.0,2020,poisoning
Men,2.0,10.0,11.0,11.0,16.0,8.0,7.0,4.0,2.0,71.0,2020,poisoning
Women,1.0,5.0,9.0,7.0,13.0,8.0,4.0,7.0,1.0,55.0,2020,poisoning
both,14.0,39.0,38.0,45.0,59.0,42.0,42.0,21.0,4.0,304.0,2020,Hang
Men,3.0,32.0,28.0,29.0,51.0,34.0,26.0,18.0,2.0,223.0,2020,Hang
Women,11.0,7.0,10.0,16.0,8.0,8.0,16.0,3.0,2.0,81.0,2020,Hang
both,4.0,10.0,12.0,7.0,27.0,36.0,45.0,25.0,10.0,176.0,2020,weapons
Men,4.0,7.0,10.0,6.0,27.0,35.0,44.0,24.0,10.0,167.0,2020,weapons
Women,0.0,3.0,2.0,1.0,0.0,1.0,1.0,1.0,0.0,9.0,2020,weapons
both,17.0,43.0,35.0,45.0,78.0,60.0,40.0,41.0,7.0,366.0,2020,Othermethods
Men,12.0,32.0,25.0,28.0,48.0,41.0,23.0,22.0,4.0,235.0,2020,Othermethods
Women,5.0,11.0,10.0,17.0,30.0,19.0,17.0,19.0,3.0,131.0,2020,Othermethods
both,530.0,337.0,543.0,1196.0,3493.0,7089.0,15172.0,27709.0,20126.0,76195.0,2020,Allcausesofdeath
Men,312.0,251.0,346.0,728.0,2243.0,4484.0,8966.0,13559.0,6735.0,37624.0,2020,Allcausesofdeath
Women,218.0,86.0,197.0,468.0,1250.0,2605.0,6206.0,14150.0,13391.0,38571.0,2020,Allcausesofdeath
both,35.0,92.0,98.0,140.0,200.0,168.0,142.0,102.0,28.0,1005.0,2021,Totalsuicides
Men,21.0,68.0,76.0,95.0,137.0,121.0,103.0,79.0,19.0,719.0,2021,Totalsuicides
Women,14.0,24.0,22.0,45.0,63.0,47.0,39.0,23.0,9.0,286.0,2021,Totalsuicides
both,4.0,10.0,10.0,24.0,28.0,21.0,17.0,10.0,4.0,128.0,2021,poisoning
Men,3.0,6.0,6.0,16.0,14.0,10.0,8.0,2.0,0.0,65.0,2021,poisoning
Women,1.0,4.0,4.0,8.0,14.0,11.0,9.0,8.0,4.0,63.0,2021,poisoning
both,13.0,35.0,30.0,56.0,69.0,51.0,37.0,23.0,6.0,320.0,2021,Hang
Men,9.0,25.0,23.0,41.0,54.0,44.0,33.0,21.0,4.0,254.0,2021,Hang
Women,4.0,10.0,7.0,15.0,15.0,7.0,4.0,2.0,2.0,66.0,2021,Hang
both,0.0,9.0,7.0,11.0,31.0,26.0,40.0,24.0,7.0,155.0,2021,weapons
Men,0.0,8.0,7.0,10.0,25.0,24.0,38.0,24.0,7.0,143.0,2021,weapons
Women,0.0,1.0,0.0,1.0,6.0,2.0,2.0,0.0,0.0,12.0,2021,weapons
both,18.0,38.0,51.0,49.0,72.0,70.0,48.0,45.0,11.0,402.0,2021,Othermethods
Men,9.0,29.0,40.0,28.0,44.0,43.0,24.0,32.0,8.0,257.0,2021,Othermethods
Women,9.0,9.0,11.0,21.0,28.0,27.0,24.0,13.0,3.0,145.0,2021,Othermethods
both,483.0,343.0,526.0,1139.0,3644.0,7234.0,14855.0,24582.0,18386.0,71192.0,2021,Allcausesofdeath
Men,280.0,253.0,345.0,713.0,2295.0,4610.0,8713.0,11887.0,6009.0,35105.0,2021,Allcausesofdeath
Women,203.0,90.0,181.0,426.0,1349.0,2624.0,6142.0,12695.0,12377.0,36087.0,2021,Allcausesofdeath
both,38.0,113.0,128.0,221.0,221.0,161.0,119.0,88.0,16.0,1105.0,2009,Totalsuicides
Men,27.0,92.0,91.0,165.0,171.0,112.0,83.0,73.0,13.0,827.0,2009,Totalsuicides
Women,11.0,21.0,37.0,56.0,50.0,49.0,36.0,15.0,3.0,278.0,2009,Totalsuicides
both,1.0,14.0,18.0,41.0,32.0,18.0,17.0,8.0,1.0,150.0,2009,poisoning
Men,1.0,7.0,10.0,27.0,16.0,10.0,8.0,5.0,1.0,85.0,2009,poisoning
Women,0.0,7.0,8.0,14.0,16.0,8.0,9.0,3.0,0.0,65.0,2009,poisoning
both,9.0,25.0,40.0,74.0,81.0,47.0,28.0,19.0,5.0,328.0,2009,Hang
Men,7.0,21.0,31.0,55.0,66.0,36.0,23.0,14.0,3.0,256.0,2009,Hang
Women,2.0,4.0,9.0,19.0,15.0,11.0,5.0,5.0,2.0,72.0,2009,Hang
both,6.0,36.0,17.0,41.0,47.0,38.0,34.0,29.0,5.0,253.0,2009,weapons
Men,5.0,36.0,14.0,41.0,47.0,37.0,33.0,28.0,5.0,246.0,2009,weapons
Women,1.0,0.0,3.0,0.0,0.0,1.0,1.0,1.0,0.0,7.0,2009,weapons
both,22.0,38.0,53.0,65.0,61.0,58.0,40.0,32.0,5.0,374.0,2009,Othermethods
Men,14.0,28.0,36.0,42.0,42.0,29.0,19.0,26.0,4.0,240.0,2009,Othermethods
Women,8.0,10.0,17.0,23.0,19.0,29.0,21.0,6.0,1.0,134.0,2009,Othermethods
both,603.0,408.0,619.0,1681.0,3667.0,7034.0,12592.0,23203.0,12669.0,62476.0,2009,Allcausesofdeath
Men,359.0,304.0,424.0,1073.0,2325.0,4407.0,7252.0,10294.0,3596.0,30034.0,2009,Allcausesofdeath
Women,244.0,104.0,195.0,608.0,1342.0,2627.0,5340.0,12909.0,9073.0,32442.0,2009,Allcausesofdeath
both,24.0,103.0,99.0,140.0,218.0,150.0,148.0,114.0,22.0,1018.0,2019,Totalsuicides
Men,18.0,73.0,76.0,97.0,163.0,108.0,102.0,87.0,18.0,742.0,2019,Totalsuicides
Women,6.0,30.0,23.0,43.0,55.0,42.0,46.0,27.0,4.0,276.0,2019,Totalsuicides
both,2.0,15.0,10.0,19.0,39.0,22.0,23.0,16.0,2.0,148.0,2019,poisoning
Men,1.0,9.0,8.0,10.0,28.0,12.0,6.0,11.0,1.0,86.0,2019,poisoning
Women,1.0,6.0,2.0,9.0,11.0,10.0,17.0,5.0,1.0,62.0,2019,poisoning
both,7.0,35.0,46.0,47.0,79.0,38.0,31.0,28.0,4.0,315.0,2019,Hang
Men,6.0,26.0,34.0,35.0,59.0,25.0,23.0,21.0,4.0,233.0,2019,Hang
Women,1.0,9.0,12.0,12.0,20.0,13.0,8.0,7.0,0.0,82.0,2019,Hang
both,0.0,9.0,14.0,14.0,32.0,33.0,38.0,36.0,7.0,183.0,2019,weapons
Men,0.0,9.0,9.0,11.0,30.0,33.0,37.0,35.0,7.0,171.0,2019,weapons
Women,0.0,0.0,5.0,3.0,2.0,0.0,1.0,1.0,0.0,12.0,2019,weapons
both,15.0,44.0,29.0,60.0,68.0,57.0,56.0,34.0,9.0,372.0,2019,Othermethods
Men,11.0,29.0,25.0,41.0,46.0,38.0,36.0,20.0,6.0,252.0,2019,Othermethods
Women,4.0,15.0,4.0,19.0,22.0,19.0,20.0,14.0,3.0,120.0,2019,Othermethods
both,470.0,322.0,478.0,1182.0,3409.0,6775.0,13828.0,24041.0,17275.0,67780.0,2019,Allcausesofdeath
Men,270.0,229.0,316.0,714.0,2152.0,4187.0,8041.0,11373.0,5474.0,32756.0,2019,Allcausesofdeath
Women,200.0,93.0,162.0,468.0,1257.0,2588.0,5787.0,12668.0,11801.0,35024.0,2019,Allcausesofdeath
both,41.0,102.0,108.0,133.0,218.0,125.0,150.0,95.0,30.0,1002.0,2018,Totalsuicides
Men,33.0,71.0,79.0,97.0,140.0,83.0,113.0,72.0,24.0,712.0,2018,Totalsuicides
Women,8.0,31.0,29.0,36.0,78.0,42.0,37.0,23.0,6.0,290.0,2018,Totalsuicides
both,5.0,11.0,19.0,23.0,31.0,10.0,23.0,7.0,4.0,133.0,2018,poisoning
Men,5.0,7.0,10.0,14.0,16.0,5.0,13.0,2.0,2.0,74.0,2018,poisoning
Women,0.0,4.0,9.0,9.0,15.0,5.0,10.0,5.0,2.0,59.0,2018,poisoning
both,8.0,39.0,34.0,51.0,64.0,34.0,42.0,15.0,3.0,290.0,2018,Hang
Men,7.0,26.0,25.0,40.0,46.0,21.0,38.0,11.0,2.0,216.0,2018,Hang
Women,1.0,13.0,9.0,11.0,18.0,13.0,4.0,4.0,1.0,74.0,2018,Hang
both,2.0,14.0,14.0,16.0,29.0,32.0,31.0,34.0,11.0,183.0,2018,weapons
Men,1.0,12.0,14.0,16.0,27.0,31.0,30.0,34.0,10.0,175.0,2018,weapons
Women,1.0,2.0,0.0,0.0,2.0,1.0,1.0,0.0,1.0,8.0,2018,weapons
both,26.0,38.0,41.0,43.0,94.0,49.0,54.0,39.0,12.0,396.0,2018,Othermethods
Men,20.0,26.0,30.0,27.0,51.0,26.0,32.0,25.0,10.0,247.0,2018,Othermethods
Women,6.0,12.0,11.0,16.0,43.0,23.0,22.0,14.0,2.0,149.0,2018,Othermethods
both,520.0,327.0,515.0,1305.0,3556.0,6912.0,13213.0,23964.0,16776.0,67088.0,2018,Allcausesofdeath
Men,291.0,232.0,344.0,814.0,2179.0,4281.0,7694.0,11165.0,5398.0,32398.0,2018,Allcausesofdeath
Women,229.0,95.0,171.0,491.0,1377.0,2631.0,5519.0,12799.0,11378.0,34690.0,2018,Allcausesofdeath
both,51.0,128.0,176.0,219.0,262.0,169.0,158.0,137.0,31.0,1331.0,2001,Totalsuicides
Men,35.0,105.0,131.0,161.0,179.0,117.0,109.0,87.0,15.0,939.0,2001,Totalsuicides
Women,16.0,23.0,45.0,58.0,83.0,52.0,49.0,50.0,16.0,392.0,2001,Totalsuicides
both,4.0,13.0,37.0,44.0,56.0,44.0,43.0,57.0,20.0,318.0,2001,poisoning
Men,2.0,9.0,24.0,24.0,32.0,21.0,22.0,21.0,6.0,161.0,2001,poisoning
Women,2.0,4.0,13.0,20.0,24.0,23.0,21.0,36.0,14.0,157.0,2001,poisoning
both,11.0,31.0,42.0,58.0,66.0,40.0,33.0,32.0,4.0,317.0,2001,Hang
Men,9.0,21.0,31.0,46.0,50.0,34.0,24.0,24.0,4.0,243.0,2001,Hang
Women,2.0,10.0,11.0,12.0,16.0,6.0,9.0,8.0,0.0,74.0,2001,Hang
both,9.0,56.0,52.0,62.0,78.0,32.0,35.0,24.0,1.0,349.0,2001,weapons
Men,9.0,52.0,46.0,58.0,72.0,31.0,35.0,24.0,1.0,328.0,2001,weapons
Women,0.0,4.0,6.0,4.0,6.0,1.0,0.0,0.0,0.0,21.0,2001,weapons
both,27.0,28.0,45.0,55.0,62.0,53.0,47.0,24.0,6.0,347.0,2001,Othermethods
Men,15.0,23.0,30.0,33.0,25.0,31.0,28.0,18.0,4.0,207.0,2001,Othermethods
Women,12.0,5.0,15.0,22.0,37.0,22.0,19.0,6.0,2.0,140.0,2001,Othermethods
both,727.0,507.0,973.0,1854.0,3980.0,6918.0,13904.0,21233.0,11132.0,61228.0,2001,Allcausesofdeath
Men,446.0,372.0,642.0,1207.0,2537.0,4465.0,8027.0,9116.0,3061.0,29873.0,2001,Allcausesofdeath
Women,281.0,135.0,331.0,647.0,1443.0,2453.0,5877.0,12117.0,8071.0,31355.0,2001,Allcausesofdeath
both,39.0,102.0,108.0,170.0,236.0,165.0,129.0,106.0,16.0,1071.0,2015,Totalsuicides
Men,29.0,78.0,81.0,119.0,168.0,123.0,99.0,82.0,13.0,792.0,2015,Totalsuicides
Women,10.0,24.0,27.0,51.0,68.0,42.0,30.0,24.0,3.0,279.0,2015,Totalsuicides
both,2.0,12.0,16.0,21.0,37.0,20.0,10.0,12.0,2.0,132.0,2015,poisoning
Men,1.0,8.0,9.0,13.0,19.0,10.0,4.0,7.0,1.0,72.0,2015,poisoning
Women,1.0,4.0,7.0,8.0,18.0,10.0,6.0,5.0,1.0,60.0,2015,poisoning
both,13.0,31.0,36.0,72.0,88.0,50.0,31.0,17.0,2.0,340.0,2015,Hang
Men,10.0,23.0,30.0,58.0,71.0,40.0,23.0,17.0,2.0,274.0,2015,Hang
Women,3.0,8.0,6.0,14.0,17.0,10.0,8.0,0.0,0.0,66.0,2015,Hang
both,5.0,13.0,13.0,22.0,40.0,43.0,42.0,31.0,2.0,211.0,2015,weapons
Men,4.0,13.0,13.0,22.0,37.0,42.0,41.0,31.0,2.0,205.0,2015,weapons
Women,1.0,0.0,0.0,0.0,3.0,1.0,1.0,0.0,0.0,6.0,2015,weapons
both,19.0,46.0,43.0,55.0,71.0,52.0,46.0,46.0,10.0,388.0,2015,Othermethods
Men,14.0,34.0,29.0,26.0,41.0,31.0,31.0,27.0,8.0,241.0,2015,Othermethods
Women,5.0,12.0,14.0,29.0,30.0,21.0,15.0,19.0,2.0,147.0,2015,Othermethods
both,562.0,343.0,528.0,1413.0,3614.0,7242.0,13138.0,24442.0,16324.0,67606.0,2015,Allcausesofdeath
Men,335.0,270.0,338.0,887.0,2253.0,4571.0,7735.0,11237.0,5020.0,32646.0,2015,Allcausesofdeath
Women,227.0,73.0,190.0,526.0,1361.0,2671.0,5403.0,13205.0,11304.0,34960.0,2015,Allcausesofdeath
both,31.0,79.0,103.0,160.0,235.0,161.0,131.0,111.0,17.0,1028.0,2014,Totalsuicides
Men,23.0,58.0,71.0,119.0,166.0,120.0,98.0,88.0,11.0,754.0,2014,Totalsuicides
Women,8.0,21.0,32.0,41.0,69.0,41.0,33.0,23.0,6.0,274.0,2014,Totalsuicides
both,0.0,8.0,12.0,23.0,45.0,22.0,15.0,13.0,0.0,138.0,2014,poisoning
Men,0.0,4.0,7.0,12.0,22.0,11.0,6.0,7.0,0.0,69.0,2014,poisoning
Women,0.0,4.0,5.0,11.0,23.0,11.0,9.0,6.0,0.0,69.0,2014,poisoning
both,12.0,20.0,37.0,58.0,75.0,42.0,30.0,23.0,5.0,302.0,2014,Hang
Men,7.0,17.0,26.0,48.0,63.0,31.0,23.0,19.0,4.0,238.0,2014,Hang
Women,5.0,3.0,11.0,10.0,12.0,11.0,7.0,4.0,1.0,64.0,2014,Hang
both,5.0,11.0,11.0,18.0,35.0,32.0,39.0,34.0,2.0,187.0,2014,weapons
Men,5.0,9.0,11.0,18.0,33.0,32.0,39.0,33.0,2.0,182.0,2014,weapons
Women,0.0,2.0,0.0,0.0,2.0,0.0,0.0,1.0,0.0,5.0,2014,weapons
both,14.0,40.0,43.0,61.0,80.0,65.0,47.0,41.0,10.0,401.0,2014,Othermethods
Men,11.0,28.0,27.0,41.0,48.0,46.0,30.0,29.0,5.0,265.0,2014,Othermethods
Women,3.0,12.0,16.0,20.0,32.0,19.0,17.0,12.0,5.0,136.0,2014,Othermethods
both,519.0,325.0,544.0,1402.0,3618.0,7099.0,12308.0,23346.0,14777.0,63938.0,2014,Allcausesofdeath
Men,308.0,225.0,355.0,885.0,2291.0,4517.0,7108.0,10683.0,4578.0,30950.0,2014,Allcausesofdeath
Women,211.0,100.0,189.0,517.0,1327.0,2582.0,5200.0,12663.0,10199.0,32988.0,2014,Allcausesofdeath
both,40.0,166.0,216.0,237.0,234.0,160.0,178.0,119.0,28.0,1378.0,2000,Totalsuicides
Men,31.0,131.0,163.0,176.0,168.0,97.0,120.0,74.0,20.0,980.0,2000,Totalsuicides
Women,9.0,35.0,53.0,61.0,66.0,63.0,58.0,45.0,8.0,398.0,2000,Totalsuicides
both,5.0,17.0,50.0,38.0,36.0,40.0,55.0,33.0,8.0,282.0,2000,poisoning
Men,2.0,9.0,32.0,19.0,21.0,16.0,29.0,18.0,4.0,150.0,2000,poisoning
Women,3.0,8.0,18.0,19.0,15.0,24.0,26.0,15.0,4.0,132.0,2000,poisoning
both,12.0,43.0,57.0,74.0,57.0,49.0,32.0,27.0,7.0,358.0,2000,Hang
Men,10.0,34.0,44.0,60.0,43.0,35.0,24.0,17.0,7.0,274.0,2000,Hang
Women,2.0,9.0,13.0,14.0,14.0,14.0,8.0,10.0,0.0,84.0,2000,Hang
both,8.0,57.0,53.0,69.0,68.0,25.0,49.0,20.0,2.0,351.0,2000,weapons
Men,7.0,55.0,51.0,64.0,65.0,24.0,48.0,20.0,2.0,336.0,2000,weapons
Women,1.0,2.0,2.0,5.0,3.0,1.0,1.0,0.0,0.0,15.0,2000,weapons
both,15.0,49.0,56.0,56.0,73.0,46.0,42.0,39.0,11.0,387.0,2000,Othermethods
Men,12.0,33.0,36.0,33.0,39.0,22.0,19.0,19.0,7.0,220.0,2000,Othermethods
Women,3.0,16.0,20.0,23.0,34.0,24.0,23.0,20.0,4.0,167.0,2000,Othermethods
both,736.0,630.0,982.0,1816.0,4131.0,7177.0,14326.0,21830.0,10900.0,62528.0,2000,Allcausesofdeath
Men,451.0,464.0,657.0,1181.0,2632.0,4590.0,8260.0,9202.0,2962.0,30399.0,2000,Allcausesofdeath
Women,285.0,166.0,325.0,635.0,1499.0,2587.0,6066.0,12628.0,7938.0,32129.0,2000,Allcausesofdeath
both,25.0,92.0,103.0,170.0,219.0,170.0,128.0,95.0,14.0,1016.0,2016,Totalsuicides
Men,18.0,69.0,69.0,123.0,172.0,125.0,96.0,74.0,13.0,759.0,2016,Totalsuicides
Women,7.0,23.0,34.0,47.0,47.0,45.0,32.0,21.0,1.0,257.0,2016,Totalsuicides
both,0.0,6.0,19.0,27.0,37.0,15.0,10.0,10.0,3.0,127.0,2016,poisoning
Men,0.0,5.0,10.0,17.0,22.0,9.0,8.0,2.0,3.0,76.0,2016,poisoning
Women,0.0,1.0,9.0,10.0,15.0,6.0,2.0,8.0,0.0,51.0,2016,poisoning
both,9.0,27.0,35.0,61.0,79.0,51.0,25.0,21.0,4.0,312.0,2016,Hang
Men,6.0,20.0,27.0,43.0,68.0,38.0,20.0,18.0,3.0,243.0,2016,Hang
Women,3.0,7.0,8.0,18.0,11.0,13.0,5.0,3.0,1.0,69.0,2016,Hang
both,3.0,16.0,8.0,22.0,41.0,43.0,46.0,30.0,3.0,212.0,2016,weapons
Men,3.0,16.0,6.0,20.0,39.0,42.0,46.0,30.0,3.0,205.0,2016,weapons
Women,0.0,0.0,2.0,2.0,2.0,1.0,0.0,0.0,0.0,7.0,2016,weapons
both,13.0,43.0,41.0,60.0,62.0,61.0,47.0,34.0,4.0,365.0,2016,Othermethods
Men,9.0,28.0,26.0,43.0,43.0,36.0,22.0,24.0,4.0,235.0,2016,Othermethods
Women,4.0,15.0,15.0,17.0,19.0,25.0,25.0,10.0,0.0,130.0,2016,Othermethods
both,481.0,344.0,521.0,1323.0,3552.0,6964.0,12621.0,23633.0,15525.0,64964.0,2016,Allcausesofdeath
Men,245.0,244.0,319.0,790.0,2238.0,4317.0,7283.0,10957.0,4890.0,31283.0,2016,Allcausesofdeath
Women,236.0,100.0,202.0,533.0,1314.0,2647.0,5338.0,12676.0,10635.0,33681.0,2016,Allcausesofdeath
both,29.0,170.0,197.0,241.0,267.0,183.0,180.0,145.0,39.0,1451.0,2002,Totalsuicides
Men,18.0,137.0,145.0,166.0,181.0,109.0,116.0,90.0,19.0,981.0,2002,Totalsuicides
Women,11.0,33.0,52.0,75.0,86.0,74.0,64.0,55.0,20.0,470.0,2002,Totalsuicides
both,2.0,21.0,34.0,46.0,53.0,47.0,52.0,53.0,17.0,325.0,2002,poisoning
Men,1.0,13.0,18.0,25.0,25.0,13.0,23.0,19.0,7.0,144.0,2002,poisoning
Women,1.0,8.0,16.0,21.0,28.0,34.0,29.0,34.0,10.0,181.0,2002,poisoning
both,7.0,33.0,58.0,70.0,80.0,43.0,40.0,30.0,5.0,366.0,2002,Hang
Men,2.0,27.0,40.0,51.0,56.0,32.0,28.0,25.0,3.0,264.0,2002,Hang
Women,5.0,6.0,18.0,19.0,24.0,11.0,12.0,5.0,2.0,102.0,2002,Hang
both,6.0,63.0,60.0,51.0,73.0,38.0,33.0,23.0,4.0,351.0,2002,weapons
Men,5.0,63.0,56.0,49.0,70.0,35.0,33.0,23.0,4.0,338.0,2002,weapons
Women,1.0,0.0,4.0,2.0,3.0,3.0,0.0,0.0,0.0,13.0,2002,weapons
both,14.0,53.0,45.0,74.0,61.0,55.0,55.0,39.0,13.0,409.0,2002,Othermethods
Men,10.0,34.0,31.0,41.0,30.0,29.0,32.0,23.0,5.0,235.0,2002,Othermethods
Women,4.0,19.0,14.0,33.0,31.0,26.0,23.0,16.0,8.0,174.0,2002,Othermethods
both,649.0,542.0,914.0,1899.0,3948.0,6746.0,13845.0,21602.0,11623.0,61768.0,2002,Allcausesofdeath
Men,385.0,394.0,624.0,1172.0,2515.0,4311.0,7955.0,9188.0,3183.0,29727.0,2002,Allcausesofdeath
Women,264.0,148.0,290.0,727.0,1433.0,2435.0,5890.0,12414.0,8440.0,32041.0,2002,Allcausesofdeath
both,42.0,115.0,168.0,192.0,248.0,146.0,188.0,139.0,42.0,1280.0,2003,Totalsuicides
Men,28.0,93.0,128.0,138.0,162.0,89.0,119.0,79.0,17.0,853.0,2003,Totalsuicides
Women,14.0,22.0,40.0,54.0,86.0,57.0,69.0,60.0,25.0,427.0,2003,Totalsuicides
both,7.0,10.0,25.0,42.0,59.0,40.0,66.0,75.0,26.0,350.0,2003,poisoning
Men,1.0,7.0,14.0,21.0,26.0,15.0,27.0,33.0,3.0,147.0,2003,poisoning
Women,6.0,3.0,11.0,21.0,33.0,25.0,39.0,42.0,23.0,203.0,2003,poisoning
both,8.0,22.0,48.0,47.0,72.0,39.0,33.0,23.0,4.0,296.0,2003,Hang
Men,6.0,18.0,38.0,41.0,55.0,32.0,24.0,19.0,3.0,236.0,2003,Hang
Women,2.0,4.0,10.0,6.0,17.0,7.0,9.0,4.0,1.0,60.0,2003,Hang
both,11.0,48.0,45.0,52.0,53.0,23.0,45.0,20.0,3.0,300.0,2003,weapons
Men,11.0,45.0,44.0,50.0,51.0,19.0,44.0,19.0,3.0,286.0,2003,weapons
Women,0.0,3.0,1.0,2.0,2.0,4.0,1.0,1.0,0.0,14.0,2003,weapons
both,16.0,35.0,50.0,51.0,64.0,44.0,44.0,21.0,9.0,334.0,2003,Othermethods
Men,10.0,23.0,32.0,26.0,30.0,23.0,24.0,8.0,8.0,184.0,2003,Othermethods
Women,6.0,12.0,18.0,25.0,34.0,21.0,20.0,13.0,1.0,150.0,2003,Othermethods
both,629.0,490.0,884.0,1740.0,4061.0,6860.0,13804.0,22308.0,12294.0,63070.0,2003,Allcausesofdeath
Men,375.0,364.0,583.0,1084.0,2606.0,4386.0,7811.0,9699.0,3377.0,30285.0,2003,Allcausesofdeath
Women,254.0,126.0,301.0,656.0,1455.0,2474.0,5993.0,12609.0,8917.0,32785.0,2003,Allcausesofdeath
both,33.0,96.0,119.0,141.0,246.0,157.0,139.0,94.0,18.0,1043.0,2017,Totalsuicides
Men,23.0,74.0,87.0,99.0,173.0,115.0,106.0,80.0,16.0,773.0,2017,Totalsuicides
Women,10.0,22.0,32.0,42.0,73.0,42.0,33.0,14.0,2.0,270.0,2017,Totalsuicides
both,4.0,7.0,21.0,16.0,35.0,17.0,12.0,10.0,2.0,124.0,2017,poisoning
Men,2.0,3.0,12.0,11.0,19.0,7.0,4.0,6.0,1.0,65.0,2017,poisoning
Women,2.0,4.0,9.0,5.0,16.0,10.0,8.0,4.0,1.0,59.0,2017,poisoning
both,10.0,34.0,38.0,59.0,89.0,52.0,37.0,28.0,2.0,349.0,2017,Hang
Men,8.0,28.0,27.0,40.0,64.0,44.0,28.0,24.0,2.0,265.0,2017,Hang
Women,2.0,6.0,11.0,19.0,25.0,8.0,9.0,4.0,0.0,84.0,2017,Hang
both,0.0,14.0,13.0,14.0,50.0,33.0,39.0,30.0,5.0,198.0,2017,weapons
Men,0.0,14.0,12.0,13.0,47.0,31.0,39.0,30.0,5.0,191.0,2017,weapons
Women,0.0,0.0,1.0,1.0,3.0,2.0,0.0,0.0,0.0,7.0,2017,weapons
both,19.0,41.0,47.0,52.0,72.0,55.0,51.0,26.0,9.0,372.0,2017,Othermethods
Men,13.0,29.0,36.0,35.0,43.0,33.0,35.0,20.0,8.0,252.0,2017,Othermethods
Women,6.0,12.0,11.0,17.0,29.0,22.0,16.0,6.0,1.0,120.0,2017,Othermethods
both,506.0,331.0,551.0,1294.0,3620.0,6813.0,13113.0,24137.0,16606.0,66971.0,2017,Allcausesofdeath
Men,301.0,240.0,357.0,823.0,2306.0,4308.0,7639.0,11169.0,5262.0,32405.0,2017,Allcausesofdeath
Women,205.0,91.0,194.0,471.0,1314.0,2505.0,5474.0,12968.0,11344.0,34566.0,2017,Allcausesofdeath
both,34.0,94.0,101.0,198.0,230.0,175.0,119.0,93.0,26.0,1070.0,2013,Totalsuicides
Men,23.0,77.0,72.0,149.0,156.0,132.0,79.0,78.0,20.0,786.0,2013,Totalsuicides
Women,11.0,17.0,29.0,49.0,74.0,43.0,40.0,15.0,6.0,284.0,2013,Totalsuicides
both,2.0,14.0,11.0,26.0,37.0,31.0,20.0,9.0,4.0,154.0,2013,poisoning
Men,2.0,10.0,6.0,14.0,17.0,19.0,8.0,3.0,2.0,81.0,2013,poisoning
Women,0.0,4.0,5.0,12.0,20.0,12.0,12.0,6.0,2.0,73.0,2013,poisoning
both,8.0,27.0,39.0,72.0,74.0,46.0,24.0,27.0,5.0,322.0,2013,Hang
Men,3.0,21.0,31.0,60.0,56.0,38.0,14.0,25.0,4.0,252.0,2013,Hang
Women,5.0,6.0,8.0,12.0,18.0,8.0,10.0,2.0,1.0,70.0,2013,Hang
both,3.0,15.0,11.0,33.0,44.0,38.0,31.0,39.0,8.0,222.0,2013,weapons
Men,3.0,15.0,10.0,31.0,41.0,38.0,30.0,37.0,8.0,213.0,2013,weapons
Women,0.0,0.0,1.0,2.0,3.0,0.0,1.0,2.0,0.0,9.0,2013,weapons
both,21.0,38.0,40.0,67.0,75.0,60.0,44.0,18.0,9.0,372.0,2013,Othermethods
Men,15.0,31.0,25.0,44.0,42.0,37.0,27.0,13.0,6.0,240.0,2013,Othermethods
Women,6.0,7.0,15.0,23.0,33.0,23.0,17.0,5.0,3.0,132.0,2013,Othermethods
both,535.0,337.0,542.0,1555.0,3646.0,7171.0,12386.0,23931.0,14858.0,64961.0,2013,Allcausesofdeath
Men,321.0,253.0,341.0,989.0,2305.0,4480.0,7197.0,10789.0,4582.0,31257.0,2013,Allcausesofdeath
Women,214.0,84.0,201.0,566.0,1341.0,2691.0,5189.0,13142.0,10276.0,33704.0,2013,Allcausesofdeath
both,43.0,134.0,113.0,232.0,237.0,200.0,189.0,177.0,43.0,1368.0,2007,Totalsuicides
Men,28.0,95.0,83.0,168.0,161.0,138.0,120.0,103.0,29.0,925.0,2007,Totalsuicides
Women,15.0,39.0,30.0,64.0,76.0,62.0,69.0,74.0,14.0,443.0,2007,Totalsuicides
both,2.0,28.0,21.0,54.0,50.0,60.0,84.0,89.0,21.0,409.0,2007,poisoning
Men,0.0,14.0,11.0,31.0,22.0,28.0,41.0,35.0,12.0,194.0,2007,poisoning
Women,2.0,14.0,10.0,23.0,28.0,32.0,43.0,54.0,9.0,215.0,2007,poisoning
both,9.0,26.0,38.0,69.0,52.0,41.0,28.0,28.0,9.0,300.0,2007,Hang
Men,6.0,19.0,30.0,58.0,39.0,35.0,22.0,22.0,7.0,238.0,2007,Hang
Women,3.0,7.0,8.0,11.0,13.0,6.0,6.0,6.0,2.0,62.0,2007,Hang
both,8.0,30.0,22.0,38.0,55.0,42.0,38.0,26.0,5.0,264.0,2007,weapons
Men,8.0,29.0,19.0,37.0,55.0,40.0,38.0,26.0,5.0,257.0,2007,weapons
Women,0.0,1.0,3.0,1.0,0.0,2.0,0.0,0.0,0.0,7.0,2007,weapons
both,24.0,50.0,32.0,71.0,80.0,57.0,39.0,34.0,8.0,395.0,2007,Othermethods
Men,14.0,33.0,23.0,42.0,45.0,35.0,19.0,20.0,5.0,236.0,2007,Othermethods
Women,10.0,17.0,9.0,29.0,35.0,22.0,20.0,14.0,3.0,159.0,2007,Othermethods
both,566.0,454.0,623.0,1673.0,3747.0,7009.0,12597.0,22124.0,12296.0,61089.0,2007,Allcausesofdeath
Men,321.0,326.0,401.0,1055.0,2348.0,4483.0,7267.0,9836.0,3507.0,29544.0,2007,Allcausesofdeath
Women,245.0,128.0,222.0,618.0,1399.0,2526.0,5330.0,12288.0,8789.0,31545.0,2007,Allcausesofdeath
both,42.0,110.0,146.0,229.0,240.0,177.0,179.0,157.0,32.0,1312.0,2006,Totalsuicides
Men,31.0,80.0,105.0,154.0,166.0,112.0,102.0,96.0,17.0,863.0,2006,Totalsuicides
Women,11.0,30.0,41.0,75.0,74.0,65.0,77.0,61.0,15.0,449.0,2006,Totalsuicides
both,2.0,12.0,26.0,55.0,62.0,51.0,77.0,81.0,23.0,389.0,2006,poisoning
Men,1.0,2.0,15.0,31.0,30.0,22.0,33.0,33.0,10.0,177.0,2006,poisoning
Women,1.0,10.0,11.0,24.0,32.0,29.0,44.0,48.0,13.0,212.0,2006,poisoning
both,11.0,22.0,38.0,58.0,70.0,36.0,29.0,21.0,2.0,287.0,2006,Hang
Men,9.0,17.0,28.0,45.0,58.0,28.0,22.0,20.0,2.0,229.0,2006,Hang
Women,2.0,5.0,10.0,13.0,12.0,8.0,7.0,1.0,0.0,58.0,2006,Hang
both,7.0,37.0,32.0,36.0,48.0,41.0,32.0,24.0,2.0,259.0,2006,weapons
Men,7.0,35.0,30.0,31.0,46.0,41.0,31.0,24.0,2.0,247.0,2006,weapons
Women,0.0,2.0,2.0,5.0,2.0,0.0,1.0,0.0,0.0,12.0,2006,weapons
both,22.0,39.0,50.0,80.0,60.0,49.0,41.0,31.0,5.0,377.0,2006,Othermethods
Men,14.0,26.0,32.0,47.0,32.0,21.0,16.0,19.0,3.0,210.0,2006,Othermethods
Women,8.0,13.0,18.0,33.0,28.0,28.0,25.0,12.0,2.0,167.0,2006,Othermethods
both,622.0,438.0,726.0,1747.0,3724.0,6676.0,12898.0,21556.0,11896.0,60283.0,2006,Allcausesofdeath
Men,367.0,315.0,476.0,1081.0,2342.0,4199.0,7420.0,9595.0,3417.0,29212.0,2006,Allcausesofdeath
Women,255.0,123.0,250.0,666.0,1382.0,2477.0,5478.0,11961.0,8479.0,31071.0,2006,Allcausesofdeath
both,36.0,95.0,107.0,182.0,211.0,175.0,120.0,91.0,20.0,1037.0,2012,Totalsuicides
Men,33.0,73.0,77.0,128.0,139.0,126.0,92.0,69.0,15.0,752.0,2012,Totalsuicides
Women,3.0,22.0,30.0,54.0,72.0,49.0,28.0,22.0,5.0,285.0,2012,Totalsuicides
both,0.0,10.0,16.0,25.0,39.0,19.0,11.0,7.0,5.0,132.0,2012,poisoning
Men,0.0,7.0,12.0,20.0,17.0,8.0,7.0,4.0,4.0,79.0,2012,poisoning
Women,0.0,3.0,4.0,5.0,22.0,11.0,4.0,3.0,1.0,53.0,2012,poisoning
both,10.0,30.0,32.0,79.0,69.0,49.0,32.0,21.0,1.0,323.0,2012,Hang
Men,9.0,26.0,23.0,53.0,57.0,35.0,24.0,15.0,1.0,243.0,2012,Hang
Women,1.0,4.0,9.0,26.0,12.0,14.0,8.0,6.0,0.0,80.0,2012,Hang
both,4.0,15.0,16.0,22.0,34.0,44.0,33.0,33.0,4.0,205.0,2012,weapons
Men,4.0,15.0,14.0,21.0,33.0,43.0,33.0,33.0,4.0,200.0,2012,weapons
Women,0.0,0.0,2.0,1.0,1.0,1.0,0.0,0.0,0.0,5.0,2012,weapons
both,22.0,40.0,43.0,56.0,69.0,63.0,44.0,30.0,10.0,377.0,2012,Othermethods
Men,20.0,25.0,28.0,34.0,32.0,40.0,28.0,17.0,6.0,230.0,2012,Othermethods
Women,2.0,15.0,15.0,22.0,37.0,23.0,16.0,13.0,4.0,147.0,2012,Othermethods
both,507.0,335.0,533.0,1554.0,3636.0,7309.0,12234.0,23612.0,14453.0,64173.0,2012,Allcausesofdeath
Men,298.0,230.0,356.0,958.0,2264.0,4598.0,7136.0,10457.0,4400.0,30697.0,2012,Allcausesofdeath
Women,209.0,105.0,177.0,596.0,1372.0,2711.0,5098.0,13155.0,10053.0,33476.0,2012,Allcausesofdeath
both,30.0,111.0,148.0,213.0,258.0,175.0,182.0,143.0,32.0,1292.0,2004,Totalsuicides
Men,19.0,88.0,105.0,155.0,171.0,105.0,111.0,91.0,15.0,860.0,2004,Totalsuicides
Women,11.0,23.0,43.0,58.0,87.0,70.0,71.0,52.0,17.0,432.0,2004,Totalsuicides
both,2.0,20.0,25.0,41.0,46.0,59.0,77.0,67.0,18.0,355.0,2004,poisoning
Men,0.0,12.0,15.0,25.0,19.0,29.0,39.0,30.0,7.0,176.0,2004,poisoning
Women,2.0,8.0,10.0,16.0,27.0,30.0,38.0,37.0,11.0,179.0,2004,poisoning
both,7.0,28.0,34.0,65.0,76.0,46.0,32.0,19.0,6.0,313.0,2004,Hang
Men,6.0,25.0,26.0,47.0,55.0,31.0,23.0,17.0,2.0,232.0,2004,Hang
Women,1.0,3.0,8.0,18.0,21.0,15.0,9.0,2.0,4.0,81.0,2004,Hang
both,6.0,33.0,41.0,46.0,53.0,30.0,27.0,31.0,4.0,271.0,2004,weapons
Men,4.0,32.0,40.0,44.0,48.0,29.0,26.0,31.0,4.0,258.0,2004,weapons
Women,2.0,1.0,1.0,2.0,5.0,1.0,1.0,0.0,0.0,13.0,2004,weapons
both,15.0,30.0,48.0,61.0,83.0,40.0,46.0,26.0,4.0,353.0,2004,Othermethods
Men,9.0,19.0,24.0,39.0,49.0,16.0,23.0,13.0,2.0,194.0,2004,Othermethods
Women,6.0,11.0,24.0,22.0,34.0,24.0,23.0,13.0,2.0,159.0,2004,Othermethods
both,647.0,463.0,834.0,1798.0,3821.0,6699.0,13055.0,21018.0,11845.0,60180.0,2004,Allcausesofdeath
Men,384.0,347.0,550.0,1142.0,2477.0,4288.0,7371.0,9098.0,3334.0,28991.0,2004,Allcausesofdeath
Women,263.0,116.0,284.0,656.0,1344.0,2411.0,5684.0,11920.0,8511.0,31189.0,2004,Allcausesofdeath
both,26.0,95.0,108.0,187.0,224.0,157.0,114.0,75.0,18.0,1004.0,2010,Totalsuicides
Men,18.0,70.0,77.0,142.0,152.0,109.0,85.0,57.0,13.0,723.0,2010,Totalsuicides
Women,8.0,25.0,31.0,45.0,72.0,48.0,29.0,18.0,5.0,281.0,2010,Totalsuicides
both,3.0,11.0,17.0,42.0,42.0,18.0,11.0,15.0,5.0,164.0,2010,poisoning
Men,1.0,6.0,5.0,25.0,20.0,6.0,7.0,9.0,3.0,82.0,2010,poisoning
Women,2.0,5.0,12.0,17.0,22.0,12.0,4.0,6.0,2.0,82.0,2010,poisoning
both,7.0,29.0,33.0,65.0,62.0,43.0,30.0,13.0,1.0,283.0,2010,Hang
Men,5.0,22.0,26.0,55.0,47.0,30.0,24.0,11.0,1.0,221.0,2010,Hang
Women,2.0,7.0,7.0,10.0,15.0,13.0,6.0,2.0,0.0,62.0,2010,Hang
both,2.0,17.0,13.0,34.0,56.0,40.0,33.0,23.0,4.0,222.0,2010,weapons
Men,2.0,16.0,12.0,32.0,51.0,40.0,33.0,23.0,4.0,213.0,2010,weapons
Women,0.0,1.0,1.0,2.0,5.0,0.0,0.0,0.0,0.0,9.0,2010,weapons
both,14.0,38.0,45.0,46.0,64.0,56.0,40.0,24.0,8.0,335.0,2010,Othermethods
Men,10.0,26.0,34.0,30.0,34.0,33.0,21.0,14.0,5.0,207.0,2010,Othermethods
Women,4.0,12.0,11.0,16.0,30.0,23.0,19.0,10.0,3.0,128.0,2010,Othermethods
both,529.0,334.0,572.0,1706.0,3616.0,7188.0,12356.0,23293.0,13055.0,62649.0,2010,Allcausesofdeath
Men,288.0,232.0,356.0,1078.0,2261.0,4582.0,7197.0,10373.0,3916.0,30283.0,2010,Allcausesofdeath
Women,241.0,102.0,216.0,628.0,1355.0,2606.0,5159.0,12920.0,9139.0,32366.0,2010,Allcausesofdeath
both,28.0,108.0,106.0,217.0,187.0,155.0,117.0,92.0,24.0,1034.0,2011,Totalsuicides
Men,24.0,82.0,82.0,158.0,135.0,110.0,77.0,71.0,18.0,757.0,2011,Totalsuicides
Women,4.0,26.0,24.0,59.0,52.0,45.0,40.0,21.0,6.0,277.0,2011,Totalsuicides
both,2.0,18.0,16.0,29.0,34.0,19.0,17.0,7.0,1.0,143.0,2011,poisoning
Men,2.0,12.0,9.0,17.0,23.0,8.0,9.0,2.0,0.0,82.0,2011,poisoning
Women,0.0,6.0,7.0,12.0,11.0,11.0,8.0,5.0,1.0,61.0,2011,poisoning
both,13.0,27.0,41.0,92.0,52.0,50.0,35.0,30.0,3.0,343.0,2011,Hang
Men,10.0,22.0,34.0,73.0,41.0,40.0,25.0,24.0,3.0,272.0,2011,Hang
Women,3.0,5.0,7.0,19.0,11.0,10.0,10.0,6.0,0.0,71.0,2011,Hang
both,0.0,19.0,16.0,37.0,40.0,41.0,24.0,26.0,7.0,210.0,2011,weapons
Men,0.0,18.0,15.0,33.0,35.0,38.0,22.0,26.0,7.0,194.0,2011,weapons
Women,0.0,1.0,1.0,4.0,5.0,3.0,2.0,0.0,0.0,16.0,2011,weapons
both,13.0,44.0,33.0,59.0,61.0,45.0,41.0,29.0,13.0,338.0,2011,Othermethods
Men,12.0,30.0,24.0,35.0,36.0,24.0,21.0,19.0,8.0,209.0,2011,Othermethods
Women,1.0,14.0,9.0,24.0,25.0,21.0,20.0,10.0,5.0,129.0,2011,Othermethods
both,534.0,373.0,571.0,1670.0,3447.0,7178.0,12225.0,22935.0,13158.0,62091.0,2011,Allcausesofdeath
Men,316.0,257.0,369.0,1033.0,2190.0,4483.0,7140.0,10338.0,3968.0,30094.0,2011,Allcausesofdeath
Women,218.0,116.0,202.0,637.0,1257.0,2695.0,5085.0,12597.0,9190.0,31997.0,2011,Allcausesofdeath
both,31.0,124.0,155.0,241.0,222.0,172.0,182.0,134.0,43.0,1304.0,2005,Totalsuicides
Men,20.0,96.0,112.0,166.0,167.0,109.0,115.0,88.0,28.0,901.0,2005,Totalsuicides
Women,11.0,28.0,43.0,75.0,55.0,63.0,67.0,46.0,15.0,403.0,2005,Totalsuicides
both,2.0,12.0,30.0,47.0,43.0,40.0,70.0,65.0,26.0,335.0,2005,poisoning
Men,1.0,9.0,20.0,25.0,21.0,13.0,35.0,33.0,14.0,171.0,2005,poisoning
Women,1.0,3.0,10.0,22.0,22.0,27.0,35.0,32.0,12.0,164.0,2005,poisoning
both,7.0,23.0,39.0,89.0,74.0,31.0,34.0,23.0,8.0,328.0,2005,Hang
Men,5.0,16.0,28.0,75.0,62.0,25.0,25.0,19.0,7.0,262.0,2005,Hang
Women,2.0,7.0,11.0,14.0,12.0,6.0,9.0,4.0,1.0,66.0,2005,Hang
both,3.0,50.0,24.0,36.0,44.0,46.0,34.0,22.0,3.0,262.0,2005,weapons
Men,2.0,46.0,23.0,31.0,43.0,43.0,33.0,22.0,3.0,246.0,2005,weapons
Women,1.0,4.0,1.0,5.0,1.0,3.0,1.0,0.0,0.0,16.0,2005,weapons
both,19.0,39.0,62.0,69.0,61.0,55.0,44.0,24.0,6.0,379.0,2005,Othermethods
Men,12.0,25.0,41.0,35.0,41.0,28.0,22.0,14.0,4.0,222.0,2005,Othermethods
Women,7.0,14.0,21.0,34.0,20.0,27.0,22.0,10.0,2.0,157.0,2005,Othermethods
both,608.0,447.0,783.0,1843.0,3697.0,6767.0,12903.0,21723.0,12353.0,61124.0,2005,Allcausesofdeath
Men,370.0,312.0,512.0,1153.0,2425.0,4321.0,7481.0,9590.0,3544.0,29708.0,2005,Allcausesofdeath
Women,238.0,135.0,271.0,690.0,1272.0,2446.0,5422.0,12133.0,8809.0,31416.0,2005,Allcausesofdeath
